"year","Metric","Value","raw_value","tooltip"
1903,"winners_avg_speed",61.656662665066,25.68,"Maurice Garin won the 1903 tour averaging a speed of 25.7kph."
1903,"total_distance_in_km",42.2628372497824,2428,"1903's tour covered 2428km."
1903,"percent_abandons",76.0169491525424,0.65,"65% of riders abandoned the 1903 tour leaving 21 riders at the finish."
1903,"highest_elevation_in_m",41.4346895074946,1161,"The highest point of 1903's tour was 1161m at Col de la République, Mont Pilat."
1903,"led_percent",0,1,"Maurice Garin led the race for 6 stages out of 6."
1904,"winners_avg_speed",60.672268907563,25.27,"Henri Cornet won the 1904 tour averaging a speed of 25.3kph."
1904,"total_distance_in_km",42.1235857267189,2420,"1904's tour covered 2420km."
1904,"percent_abandons",81.0670261941448,0.693181818181818,"69% of riders abandoned the 1904 tour leaving 27 riders at the finish."
1904,"highest_elevation_in_m",41.4346895074946,1161,"The highest point of 1904's tour was 1161m at Col de la République, Mont Pilat."
1904,"led_percent",60,0.4,"Henri Cornet led the race for 3 stages out of 6."
1905,"winners_avg_speed",65.0900360144058,27.11,"Louis Trousselier won the 1905 tour averaging a speed of 27.1kph."
1905,"total_distance_in_km",52.1148825065274,2994,"1905's tour covered 2994km."
1905,"percent_abandons",70.1694915254237,0.6,"60% of riders abandoned the 1905 tour leaving 24 riders at the finish."
1905,"highest_elevation_in_m",45.1106352605282,1264,"The highest point of 1905's tour was 1264m at Col Bayard, Dauphiné Alps."
1905,"led_percent",10,0.9,"Louis Trousselier led the race for 10 stages out of 11."
1906,"winners_avg_speed",58.7274909963986,24.46,"René Pottier won the 1906 tour averaging a speed of 24.5kph."
1906,"total_distance_in_km",79.11227154047,4545,"1906's tour covered 4545km."
1906,"percent_abandons",96.9822240595287,0.829268292682927,"83% of riders abandoned the 1906 tour leaving 14 riders at the finish."
1906,"highest_elevation_in_m",45.1106352605282,1264,"The highest point of 1906's tour was 1264m at Col Bayard, Dauphiné Alps."
1906,"led_percent",8.33333333333334,0.916666666666667,"René Pottier led the race for 12 stages out of 13."
1907,"winners_avg_speed",68.3553421368547,28.47,"Lucien Petit-Breton won the 1907 tour averaging a speed of 28.5kph."
1907,"total_distance_in_km",78.1201044386423,4488,"1907's tour covered 4488km."
1907,"percent_abandons",75.4510661563696,0.645161290322581,"65% of riders abandoned the 1907 tour leaving 33 riders at the finish."
1907,"highest_elevation_in_m",47.3233404710921,1326,"The highest point of 1907's tour was 1326m at Col de Porte, Chartreuse."
1907,"led_percent",69.2307692307692,0.307692307692308,"Lucien Petit-Breton led the race for 5 stages out of 14."
1908,"winners_avg_speed",69.0036014405762,28.74,"Lucien Petit-Breton won the 1908 tour averaging a speed of 28.7kph."
1908,"total_distance_in_km",78.1201044386423,4488,"1908's tour covered 4488km."
1908,"percent_abandons",79.3583535108959,0.678571428571429,"68% of riders abandoned the 1908 tour leaving 36 riders at the finish."
1908,"highest_elevation_in_m",47.3233404710921,1326,"The highest point of 1908's tour was 1326m at Col de Porte, Chartreuse."
1908,"led_percent",7.69230769230769,0.923076923076923,"Lucien Petit-Breton led the race for 13 stages out of 14."
1909,"winners_avg_speed",68.8115246098439,28.66,"FranÃ§ois Faber won the 1909 tour averaging a speed of 28.7kph."
1909,"total_distance_in_km",78.2767624020888,4497,"1909's tour covered 4497km."
1909,"percent_abandons",74.0677966101695,0.633333333333333,"63% of riders abandoned the 1909 tour leaving 55 riders at the finish."
1909,"highest_elevation_in_m",47.3233404710921,1326,"The highest point of 1909's tour was 1326m at Col de Porte, Chartreuse."
1909,"led_percent",7.69230769230769,0.923076923076923,"FranÃ§ois Faber led the race for 13 stages out of 14."
1910,"winners_avg_speed",69.8679471788716,29.1,"Octave Lapize won the 1910 tour averaging a speed of 29.1kph."
1910,"total_distance_in_km",82.4543080939948,4737,"1910's tour covered 4737km."
1910,"percent_abandons",73.3590138674884,0.627272727272727,"63% of riders abandoned the 1910 tour leaving 41 riders at the finish."
1910,"highest_elevation_in_m",75.4817987152034,2115,"The highest point of 1910's tour was 2115m at Col du Tourmalet, Pyrenees."
1910,"led_percent",85.7142857142857,0.142857142857143,"Octave Lapize led the race for 3 stages out of 15."
1911,"winners_avg_speed",65.594237695078,27.32,"Gustave Garrigou won the 1911 tour averaging a speed of 27.3kph."
1911,"total_distance_in_km",93.0200174064404,5344,"1911's tour covered 5344km."
1911,"percent_abandons",77.9661016949153,0.666666666666667,"67% of riders abandoned the 1911 tour leaving 28 riders at the finish."
1911,"highest_elevation_in_m",91.220556745182,2556,"The highest point of 1911's tour was 2556m at Col du Galibier, Dauphiné Alps."
1911,"led_percent",14.2857142857143,0.857142857142857,"Gustave Garrigou led the race for 13 stages out of 15."
1912,"winners_avg_speed",66.6506602641056,27.76,"Odile Defraye won the 1912 tour averaging a speed of 27.8kph."
1912,"total_distance_in_km",92.0626631853786,5289,"1912's tour covered 5289km."
1912,"percent_abandons",80.3467460214776,0.687022900763359,"69% of riders abandoned the 1912 tour leaving 41 riders at the finish."
1912,"highest_elevation_in_m",91.220556745182,2556,"The highest point of 1912's tour was 2556m at Col du Galibier, Dauphiné Alps."
1912,"led_percent",14.2857142857143,0.857142857142857,"Odile Defraye led the race for 13 stages out of 15."
1913,"winners_avg_speed",64.1536614645858,26.72,"Philippe Thys won the 1913 tour averaging a speed of 26.7kph."
1913,"total_distance_in_km",92.0278503046127,5287,"1913's tour covered 5287km."
1913,"percent_abandons",96.0653753026634,0.821428571428571,"82% of riders abandoned the 1913 tour leaving 25 riders at the finish."
1913,"highest_elevation_in_m",91.220556745182,2556,"The highest point of 1913's tour was 2556m at Col du Galibier, Dauphiné Alps."
1913,"led_percent",50,0.5,"Philippe Thys led the race for 8 stages out of 15."
1914,"winners_avg_speed",64.4417767106843,26.84,"Philippe Thys won the 1914 tour averaging a speed of 26.8kph."
1914,"total_distance_in_km",93.6466492602263,5380,"1914's tour covered 5380km."
1914,"percent_abandons",73.395675043834,0.627586206896552,"63% of riders abandoned the 1914 tour leaving 54 riders at the finish."
1914,"highest_elevation_in_m",91.220556745182,2556,"The highest point of 1914's tour was 2556m at Col du Galibier, Dauphiné Alps."
1914,"led_percent",0,1,"Philippe Thys led the race for 15 stages out of 15."
1919,"winners_avg_speed",57.7671068427371,24.06,"Firmin Lambot won the 1919 tour averaging a speed of 24.1kph."
1919,"total_distance_in_km",96.7798085291558,5560,"1919's tour covered 5560km."
1919,"percent_abandons",100,0.855072463768116,"86% of riders abandoned the 1919 tour leaving 10 riders at the finish."
1919,"highest_elevation_in_m",91.220556745182,2556,"The highest point of 1919's tour was 2556m at Col du Galibier, Dauphiné Alps."
1919,"led_percent",92.8571428571429,0.0714285714285714,"Firmin Lambot led the race for 2 stages out of 15."
1920,"winners_avg_speed",57.7911164465786,24.07,"Philippe Thys won the 1920 tour averaging a speed of 24.1kph."
1920,"total_distance_in_km",95.7876414273281,5503,"1920's tour covered 5503km."
1920,"percent_abandons",94.1802909854507,0.805309734513274,"81% of riders abandoned the 1920 tour leaving 22 riders at the finish."
1920,"highest_elevation_in_m",91.220556745182,2556,"The highest point of 1920's tour was 2556m at Col du Galibier, Dauphiné Alps."
1920,"led_percent",7.14285714285714,0.928571428571429,"Philippe Thys led the race for 14 stages out of 15."
1921,"winners_avg_speed",59.3517406962785,24.72,"Léon Scieur won the 1921 tour averaging a speed of 24.7kph."
1921,"total_distance_in_km",95.4743255004352,5485,"1921's tour covered 5485km."
1921,"percent_abandons",80.8185200496073,0.691056910569106,"69% of riders abandoned the 1921 tour leaving 38 riders at the finish."
1921,"highest_elevation_in_m",91.220556745182,2556,"The highest point of 1921's tour was 2556m at Col du Galibier, Dauphiné Alps."
1921,"led_percent",7.14285714285714,0.928571428571429,"Léon Scieur led the race for 14 stages out of 15."
1922,"winners_avg_speed",58.1032412965186,24.2,"Firmin Lambot won the 1922 tour averaging a speed of 24.2kph."
1922,"total_distance_in_km",93.5596170583116,5375,"1922's tour covered 5375km."
1922,"percent_abandons",80.2213195125368,0.685950413223141,"69% of riders abandoned the 1922 tour leaving 38 riders at the finish."
1922,"highest_elevation_in_m",91.220556745182,2556,"The highest point of 1922's tour was 2556m at Col du Galibier, Dauphiné Alps."
1922,"led_percent",85.7142857142857,0.142857142857143,"Firmin Lambot led the race for 3 stages out of 15."
1923,"winners_avg_speed",58.1752701080432,24.23,"Henri Pélissier won the 1923 tour averaging a speed of 24.2kph."
1923,"total_distance_in_km",93.7510879025239,5386,"1923's tour covered 5386km."
1923,"percent_abandons",76.5638336788197,0.654676258992806,"65% of riders abandoned the 1923 tour leaving 48 riders at the finish."
1923,"highest_elevation_in_m",91.220556745182,2556,"The highest point of 1923's tour was 2556m at Col du Galibier, Dauphiné Alps."
1923,"led_percent",64.2857142857143,0.357142857142857,"Henri Pélissier led the race for 6 stages out of 15."
1924,"winners_avg_speed",58.2232893157263,24.25,"Ottavio Bottecchia won the 1924 tour averaging a speed of 24.2kph."
1924,"total_distance_in_km",94.4299390774587,5425,"1924's tour covered 5425km."
1924,"percent_abandons",72.2552088956062,0.617834394904459,"62% of riders abandoned the 1924 tour leaving 60 riders at the finish."
1924,"highest_elevation_in_m",91.220556745182,2556,"The highest point of 1924's tour was 2556m at Col du Galibier, Dauphiné Alps."
1924,"led_percent",0,1,"Ottavio Bottecchia led the race for 15 stages out of 15."
1925,"winners_avg_speed",59.5918367346939,24.82,"Ottavio Bottecchia won the 1925 tour averaging a speed of 24.8kph."
1925,"total_distance_in_km",94.6910356832028,5440,"1925's tour covered 5440km."
1925,"percent_abandons",72.8683181225554,0.623076923076923,"62% of riders abandoned the 1925 tour leaving 49 riders at the finish."
1925,"highest_elevation_in_m",91.220556745182,2556,"The highest point of 1925's tour was 2556m at Col du Galibier, Dauphiné Alps."
1925,"led_percent",29.4117647058823,0.705882352941177,"Ottavio Bottecchia led the race for 13 stages out of 18."
1926,"winners_avg_speed",58.2953181272509,24.28,"Lucien Buysse won the 1926 tour averaging a speed of 24.3kph."
1926,"total_distance_in_km",100,5745,"1926's tour covered 5745km."
1926,"percent_abandons",78.8942695722357,0.674603174603175,"67% of riders abandoned the 1926 tour leaving 41 riders at the finish."
1926,"highest_elevation_in_m",91.220556745182,2556,"The highest point of 1926's tour was 2556m at Col du Galibier, Dauphiné Alps."
1926,"led_percent",56.25,0.4375,"Lucien Buysse led the race for 8 stages out of 17."
1927,"winners_avg_speed",65.3541416566627,27.22,"Nicolas Frantz won the 1927 tour averaging a speed of 27.2kph."
1927,"total_distance_in_km",92.9503916449086,5340,"1927's tour covered 5340km."
1927,"percent_abandons",84.8293148722846,0.725352112676056,"73% of riders abandoned the 1927 tour leaving 39 riders at the finish."
1927,"highest_elevation_in_m",91.220556745182,2556,"The highest point of 1927's tour was 2556m at Col du Galibier, Dauphiné Alps."
1927,"led_percent",43.4782608695652,0.565217391304348,"Nicolas Frantz led the race for 14 stages out of 24."
1928,"winners_avg_speed",68.187274909964,28.4,"Nicolas Frantz won the 1928 tour averaging a speed of 28.4kph."
1928,"total_distance_in_km",95.3176675369887,5476,"1928's tour covered 5476km."
1928,"percent_abandons",87.3509102322662,0.746913580246914,"75% of riders abandoned the 1928 tour leaving 41 riders at the finish."
1928,"highest_elevation_in_m",91.220556745182,2556,"The highest point of 1928's tour was 2556m at Col du Galibier, Dauphiné Alps."
1928,"led_percent",0,1,"Nicolas Frantz led the race for 22 stages out of 22."
1929,"winners_avg_speed",67.9951980792317,28.32,"Maurice De Waele won the 1929 tour averaging a speed of 28.3kph."
1929,"total_distance_in_km",91.5056570931245,5257,"1929's tour covered 5257km."
1929,"percent_abandons",71.6785128485511,0.612903225806452,"61% of riders abandoned the 1929 tour leaving 60 riders at the finish."
1929,"highest_elevation_in_m",91.220556745182,2556,"The highest point of 1929's tour was 2556m at Col du Galibier, Dauphiné Alps."
1929,"led_percent",28.5714285714286,0.714285714285714,"Maurice De Waele led the race for 16 stages out of 22."
1930,"winners_avg_speed",67.2268907563025,28,"André Leducq won the 1930 tour averaging a speed of 28kph."
1930,"total_distance_in_km",83.9338555265448,4822,"1930's tour covered 4822km."
1930,"percent_abandons",47.9491525423729,0.41,"41% of riders abandoned the 1930 tour leaving 59 riders at the finish."
1930,"highest_elevation_in_m",91.220556745182,2556,"The highest point of 1930's tour was 2556m at Col du Galibier, Dauphiné Alps."
1930,"led_percent",40,0.6,"André Leducq led the race for 13 stages out of 21."
1931,"winners_avg_speed",69.0036014405762,28.74,"Antonin Magne won the 1931 tour averaging a speed of 28.7kph."
1931,"total_distance_in_km",88.6161879895561,5091,"1931's tour covered 5091km."
1931,"percent_abandons",66.4155681104834,0.567901234567901,"57% of riders abandoned the 1931 tour leaving 35 riders at the finish."
1931,"highest_elevation_in_m",91.220556745182,2556,"The highest point of 1931's tour was 2556m at Col du Galibier, Dauphiné Alps."
1931,"led_percent",34.7826086956522,0.652173913043478,"Antonin Magne led the race for 16 stages out of 24."
1932,"winners_avg_speed",69.7478991596639,29.05,"André Leducq won the 1932 tour averaging a speed of 29.1kph."
1932,"total_distance_in_km",77.9634464751958,4479,"1932's tour covered 4479km."
1932,"percent_abandons",33.6228813559322,0.2875,"29% of riders abandoned the 1932 tour leaving 57 riders at the finish."
1932,"highest_elevation_in_m",91.220556745182,2556,"The highest point of 1932's tour was 2556m at Col du Galibier, Dauphiné Alps."
1932,"led_percent",10,0.9,"André Leducq led the race for 19 stages out of 21."
1933,"winners_avg_speed",71.5966386554622,29.82,"Georges Speicher won the 1933 tour averaging a speed of 29.8kph."
1933,"total_distance_in_km",76.5013054830287,4395,"1933's tour covered 4395km."
1933,"percent_abandons",58.4745762711864,0.5,"50% of riders abandoned the 1933 tour leaving 40 riders at the finish."
1933,"highest_elevation_in_m",91.220556745182,2556,"The highest point of 1933's tour was 2556m at Col du Galibier, Dauphiné Alps."
1933,"led_percent",50,0.5,"Georges Speicher led the race for 12 stages out of 23."
1934,"winners_avg_speed",72.8931572629052,30.36,"Antonin Magne won the 1934 tour averaging a speed of 30.4kph."
1934,"total_distance_in_km",77.8067885117493,4470,"1934's tour covered 4470km."
1934,"percent_abandons",40.9322033898305,0.35,"35% of riders abandoned the 1934 tour leaving 39 riders at the finish."
1934,"highest_elevation_in_m",91.220556745182,2556,"The highest point of 1934's tour was 2556m at Col du Galibier, Dauphiné Alps."
1934,"led_percent",4.54545454545455,0.954545454545455,"Antonin Magne led the race for 22 stages out of 23."
1935,"winners_avg_speed",73.5894357743097,30.65,"Romain Maes won the 1935 tour averaging a speed of 30.6kph."
1935,"total_distance_in_km",75.509138381201,4338,"1935's tour covered 4338km."
1935,"percent_abandons",59.1033351558229,0.505376344086022,"51% of riders abandoned the 1935 tour leaving 46 riders at the finish."
1935,"highest_elevation_in_m",91.220556745182,2556,"The highest point of 1935's tour was 2556m at Col du Galibier, Dauphiné Alps."
1935,"led_percent",0,1,"Romain Maes led the race for 21 stages out of 21."
1936,"winners_avg_speed",74.6938775510204,31.11,"Sylvère Maes won the 1936 tour averaging a speed of 31.1kph."
1936,"total_distance_in_km",76.9016536118364,4418,"1936's tour covered 4418km."
1936,"percent_abandons",61.0734463276836,0.522222222222222,"52% of riders abandoned the 1936 tour leaving 43 riders at the finish."
1936,"highest_elevation_in_m",91.220556745182,2556,"The highest point of 1936's tour was 2556m at Col du Galibier, Dauphiné Alps."
1936,"led_percent",35,0.65,"Sylvère Maes led the race for 14 stages out of 21."
1937,"winners_avg_speed",76.2785114045618,31.77,"Roger Lapébie won the 1937 tour averaging a speed of 31.8kph."
1937,"total_distance_in_km",76.8494342906876,4415,"1937's tour covered 4415km."
1937,"percent_abandons",62.0546523694223,0.530612244897959,"53% of riders abandoned the 1937 tour leaving 46 riders at the finish."
1937,"highest_elevation_in_m",91.220556745182,2556,"The highest point of 1937's tour was 2556m at Col du Galibier, Dauphiné Alps."
1937,"led_percent",84.2105263157895,0.157894736842105,"Roger Lapébie led the race for 4 stages out of 20."
1938,"winners_avg_speed",75.7983193277311,31.57,"Gino Bartali won the 1938 tour averaging a speed of 31.6kph."
1938,"total_distance_in_km",81.7058311575283,4694,"1938's tour covered 4694km."
1938,"percent_abandons",49.9470338983051,0.427083333333333,"43% of riders abandoned the 1938 tour leaving 55 riders at the finish."
1938,"highest_elevation_in_m",98.8579586009993,2770,"The highest point of 1938's tour was 2770m at Col de l'Iseran, Graian Alps."
1938,"led_percent",65,0.35,"Gino Bartali led the race for 8 stages out of 21."
1939,"winners_avg_speed",76.8067226890756,31.99,"Sylvère Maes won the 1939 tour averaging a speed of 32kph."
1939,"total_distance_in_km",73.5248041775457,4224,"1939's tour covered 4224km."
1939,"percent_abandons",44.4110705857112,0.379746835443038,"38% of riders abandoned the 1939 tour leaving 49 riders at the finish."
1939,"highest_elevation_in_m",98.8579586009993,2770,"The highest point of 1939's tour was 2770m at Col de l'Iseran, Graian Alps."
1939,"led_percent",58.8235294117647,0.411764705882353,"Sylvère Maes led the race for 8 stages out of 18."
1947,"winners_avg_speed",75.4141656662665,31.41,"Jean Robic won the 1947 tour averaging a speed of 31.4kph."
1947,"total_distance_in_km",80.7658833768494,4640,"1947's tour covered 4640km."
1947,"percent_abandons",54.3400102722137,0.464646464646465,"46% of riders abandoned the 1947 tour leaving 53 riders at the finish."
1947,"highest_elevation_in_m",91.220556745182,2556,"The highest point of 1947's tour was 2556m at Col du Galibier, Dauphiné Alps."
1947,"led_percent",100,0,"Jean Robic took the lead in the last stage of the race."
1948,"winners_avg_speed",80.2881152460984,33.44,"Gino Bartali won the 1948 tour averaging a speed of 33.4kph."
1948,"total_distance_in_km",85.674499564839,4922,"1948's tour covered 4922km."
1948,"percent_abandons",74.0677966101695,0.633333333333333,"63% of riders abandoned the 1948 tour leaving 44 riders at the finish."
1948,"highest_elevation_in_m",91.220556745182,2556,"The highest point of 1948's tour was 2556m at Col du Galibier, Dauphiné Alps."
1948,"led_percent",60,0.4,"Gino Bartali led the race for 9 stages out of 21."
1949,"winners_avg_speed",77.1188475390156,32.12,"Fausto Coppi won the 1949 tour averaging a speed of 32.1kph."
1949,"total_distance_in_km",83.6901653611836,4808,"1949's tour covered 4808km."
1949,"percent_abandons",63.3474576271186,0.541666666666667,"54% of riders abandoned the 1949 tour leaving 55 riders at the finish."
1949,"highest_elevation_in_m",98.8579586009993,2770,"The highest point of 1949's tour was 2770m at Col de l'Iseran, Graian Alps."
1949,"led_percent",80,0.2,"Fausto Coppi led the race for 5 stages out of 21."
1950,"winners_avg_speed",78.703481392557,32.78,"Ferdinand KÃ¼bler won the 1950 tour averaging a speed of 32.8kph."
1950,"total_distance_in_km",83.0809399477807,4773,"1950's tour covered 4773km."
1950,"percent_abandons",65.5318527177089,0.560344827586207,"56% of riders abandoned the 1950 tour leaving 51 riders at the finish."
1950,"highest_elevation_in_m",84.2255531763026,2360,"The highest point of 1950's tour was 2360m at Col d'Izoard, Cottian Alps."
1950,"led_percent",52.3809523809524,0.476190476190476,"Ferdinand KÃ¼bler led the race for 11 stages out of 22."
1951,"winners_avg_speed",79.1116446578632,32.95,"Hugo Koblet won the 1951 tour averaging a speed of 33kph."
1951,"total_distance_in_km",81.6362053959965,4690,"1951's tour covered 4690km."
1951,"percent_abandons",54.1959487391484,0.463414634146341,"46% of riders abandoned the 1951 tour leaving 66 riders at the finish."
1951,"highest_elevation_in_m",84.2255531763026,2360,"The highest point of 1951's tour was 2360m at Col d'Izoard, Cottian Alps."
1951,"led_percent",56.5217391304348,0.434782608695652,"Hugo Koblet led the race for 11 stages out of 24."
1952,"winners_avg_speed",77.3829531812725,32.23,"Fausto Coppi won the 1952 tour averaging a speed of 32.2kph."
1952,"total_distance_in_km",85.2567449956484,4898,"1952's tour covered 4898km."
1952,"percent_abandons",42.1783828841345,0.360655737704918,"36% of riders abandoned the 1952 tour leaving 78 riders at the finish."
1952,"highest_elevation_in_m",91.220556745182,2556,"The highest point of 1952's tour was 2556m at Col du Galibier, Dauphiné Alps."
1952,"led_percent",40.9090909090909,0.590909090909091,"Fausto Coppi led the race for 14 stages out of 23."
1953,"winners_avg_speed",83.0492196878752,34.59,"Louison Bobet won the 1953 tour averaging a speed of 34.6kph."
1953,"total_distance_in_km",77.911227154047,4476,"1953's tour covered 4476km."
1953,"percent_abandons",42.2589374732944,0.361344537815126,"36% of riders abandoned the 1953 tour leaving 76 riders at the finish."
1953,"highest_elevation_in_m",84.2255531763026,2360,"The highest point of 1953's tour was 2360m at Col d'Izoard, Cottian Alps."
1953,"led_percent",80.9523809523809,0.19047619047619,"Louison Bobet led the race for 5 stages out of 22."
1954,"winners_avg_speed",79.7839135654262,33.23,"Louison Bobet won the 1954 tour averaging a speed of 33.2kph."
1954,"total_distance_in_km",81.0443864229765,4656,"1954's tour covered 4656km."
1954,"percent_abandons",43.5901386748844,0.372727272727273,"37% of riders abandoned the 1954 tour leaving 69 riders at the finish."
1954,"highest_elevation_in_m",91.220556745182,2556,"The highest point of 1954's tour was 2556m at Col du Galibier, Dauphiné Alps."
1954,"led_percent",40.9090909090909,0.590909090909091,"Louison Bobet led the race for 14 stages out of 23."
1955,"winners_avg_speed",82.7130852340936,34.45,"Louison Bobet won the 1955 tour averaging a speed of 34.5kph."
1955,"total_distance_in_km",78.2419495213229,4495,"1955's tour covered 4495km."
1955,"percent_abandons",54.8761408083442,0.469230769230769,"47% of riders abandoned the 1955 tour leaving 69 riders at the finish."
1955,"highest_elevation_in_m",91.220556745182,2556,"The highest point of 1955's tour was 2556m at Col du Galibier, Dauphiné Alps."
1955,"led_percent",76.1904761904762,0.238095238095238,"Louison Bobet led the race for 6 stages out of 22."
1956,"winners_avg_speed",87.0828331332533,36.27,"Roger Walkowiak won the 1956 tour averaging a speed of 36.3kph."
1956,"total_distance_in_km",78.2941688424717,4498,"1956's tour covered 4498km."
1956,"percent_abandons",31.1864406779661,0.266666666666667,"27% of riders abandoned the 1956 tour leaving 88 riders at the finish."
1956,"highest_elevation_in_m",84.2255531763026,2360,"The highest point of 1956's tour was 2360m at Col d'Izoard, Cottian Alps."
1956,"led_percent",66.6666666666667,0.333333333333333,"Roger Walkowiak led the race for 8 stages out of 22."
1957,"winners_avg_speed",82.8811524609844,34.52,"Jacques Anquetil won the 1957 tour averaging a speed of 34.5kph."
1957,"total_distance_in_km",81.201044386423,4665,"1957's tour covered 4665km."
1957,"percent_abandons",62.3728813559322,0.533333333333333,"53% of riders abandoned the 1957 tour leaving 56 riders at the finish."
1957,"highest_elevation_in_m",91.220556745182,2556,"The highest point of 1957's tour was 2556m at Col du Galibier, Dauphiné Alps."
1957,"led_percent",33.3333333333333,0.666666666666667,"Jacques Anquetil led the race for 15 stages out of 22."
1958,"winners_avg_speed",88.6434573829532,36.92,"Charly Gaul won the 1958 tour averaging a speed of 36.9kph."
1958,"total_distance_in_km",75.1784160139252,4319,"1958's tour covered 4319km."
1958,"percent_abandons",40.9322033898305,0.35,"35% of riders abandoned the 1958 tour leaving 78 riders at the finish."
1958,"highest_elevation_in_m",84.2255531763026,2360,"The highest point of 1958's tour was 2360m at Col d'Izoard, Cottian Alps."
1958,"led_percent",95.6521739130435,0.0434782608695652,"Charly Gaul led the race for 2 stages out of 24."
1959,"winners_avg_speed",85.1620648259304,35.47,"Federico Bahamontes won the 1959 tour averaging a speed of 35.5kph."
1959,"total_distance_in_km",76.431679721497,4391,"1959's tour covered 4391km."
1959,"percent_abandons",53.6016949152542,0.458333333333333,"46% of riders abandoned the 1959 tour leaving 65 riders at the finish."
1959,"highest_elevation_in_m",98.8579586009993,2770,"The highest point of 1959's tour was 2770m at Col de l'Iseran, Graian Alps."
1959,"led_percent",76.1904761904762,0.238095238095238,"Federico Bahamontes led the race for 6 stages out of 22."
1960,"winners_avg_speed",89.3397358943578,37.21,"Gastone Nencini won the 1960 tour averaging a speed of 37.2kph."
1960,"total_distance_in_km",72.6370757180157,4173,"1960's tour covered 4173km."
1960,"percent_abandons",42.9422669491525,0.3671875,"37% of riders abandoned the 1960 tour leaving 81 riders at the finish."
1960,"highest_elevation_in_m",84.2255531763026,2360,"The highest point of 1960's tour was 2360m at Col d'Izoard, Cottian Alps."
1960,"led_percent",38.0952380952381,0.619047619047619,"Gastone Nencini led the race for 14 stages out of 22."
1961,"winners_avg_speed",86.5066026410564,36.03,"Jacques Anquetil won the 1961 tour averaging a speed of 36kph."
1961,"total_distance_in_km",76.5361183637946,4397,"1961's tour covered 4397km."
1961,"percent_abandons",53.1587057010786,0.454545454545455,"45% of riders abandoned the 1961 tour leaving 72 riders at the finish."
1961,"highest_elevation_in_m",75.4817987152034,2115,"The highest point of 1961's tour was 2115m at Col du Tourmalet, Pyrenees."
1961,"led_percent",0,1,"Jacques Anquetil led the race for 21 stages out of 21."
1962,"winners_avg_speed",89.6038415366147,37.32,"Jacques Anquetil won the 1962 tour averaging a speed of 37.3kph."
1962,"total_distance_in_km",74.3951261966928,4274,"1962's tour covered 4274km."
1962,"percent_abandons",43.6610169491525,0.373333333333333,"37% of riders abandoned the 1962 tour leaving 94 riders at the finish."
1962,"highest_elevation_in_m",100,2802,"The highest point of 1962's tour was 2802m at Cime de la Bonette, Maritime Alps."
1962,"led_percent",90.4761904761905,0.0952380952380952,"Jacques Anquetil led the race for 3 stages out of 22."
1963,"winners_avg_speed",89.0516206482593,37.09,"Jacques Anquetil won the 1963 tour averaging a speed of 37.1kph."
1963,"total_distance_in_km",72.0104438642298,4137,"1963's tour covered 4137km."
1963,"percent_abandons",48.5788787483703,0.415384615384615,"42% of riders abandoned the 1963 tour leaving 76 riders at the finish."
1963,"highest_elevation_in_m",98.8579586009993,2770,"The highest point of 1963's tour was 2770m at Col de l'Iseran, Graian Alps."
1963,"led_percent",80,0.2,"Jacques Anquetil led the race for 5 stages out of 21."
1964,"winners_avg_speed",85.0420168067227,35.42,"Jacques Anquetil won the 1964 tour averaging a speed of 35.4kph."
1964,"total_distance_in_km",78.3986074847694,4504,"1964's tour covered 4504km."
1964,"percent_abandons",45.1848998459168,0.386363636363636,"39% of riders abandoned the 1964 tour leaving 81 riders at the finish."
1964,"highest_elevation_in_m",100,2802,"The highest point of 1964's tour was 2802m at Cime de la Bonette, Maritime Alps."
1964,"led_percent",76.1904761904762,0.238095238095238,"Jacques Anquetil led the race for 6 stages out of 22."
1965,"winners_avg_speed",86.1704681872749,35.89,"Felice Gimondi won the 1965 tour averaging a speed of 35.9kph."
1965,"total_distance_in_km",72.7067014795474,4177,"1965's tour covered 4177km."
1965,"percent_abandons",30.5867014341591,0.261538461538462,"26% of riders abandoned the 1965 tour leaving 96 riders at the finish."
1965,"highest_elevation_in_m",84.2255531763026,2360,"The highest point of 1965's tour was 2360m at Col d'Izoard, Cottian Alps."
1965,"led_percent",19.0476190476191,0.80952380952381,"Felice Gimondi led the race for 18 stages out of 22."
1966,"winners_avg_speed",88.2593037214886,36.76,"Lucien Aimar won the 1966 tour averaging a speed of 36.8kph."
1966,"total_distance_in_km",75.230635335074,4322,"1966's tour covered 4322km."
1966,"percent_abandons",43.1812255541069,0.369230769230769,"37% of riders abandoned the 1966 tour leaving 82 riders at the finish."
1966,"highest_elevation_in_m",91.220556745182,2556,"The highest point of 1966's tour was 2556m at Col du Galibier, Dauphiné Alps."
1966,"led_percent",76.1904761904762,0.238095238095238,"Lucien Aimar led the race for 6 stages out of 22."
1967,"winners_avg_speed",83.4573829531813,34.76,"Roger Pingeon won the 1967 tour averaging a speed of 34.8kph."
1967,"total_distance_in_km",82.8198433420366,4758,"1967's tour covered 4758km."
1967,"percent_abandons",37.7835723598435,0.323076923076923,"32% of riders abandoned the 1967 tour leaving 88 riders at the finish."
1967,"highest_elevation_in_m",91.220556745182,2556,"The highest point of 1967's tour was 2556m at Col du Galibier, Dauphiné Alps."
1967,"led_percent",23.8095238095238,0.761904761904762,"Roger Pingeon led the race for 17 stages out of 22."
1968,"winners_avg_speed",80.5762304921969,33.56,"Jan Janssen won the 1968 tour averaging a speed of 33.6kph."
1968,"total_distance_in_km",78.1897302001741,4492,"1968's tour covered 4492km."
1968,"percent_abandons",23.3898305084746,0.2,"20% of riders abandoned the 1968 tour leaving 88 riders at the finish."
1968,"highest_elevation_in_m",85.9029264810849,2407,"The highest point of 1968's tour was 2407m at Port d'Envalira, Pyrenees."
1968,"led_percent",100,0,"Jan Janssen took the lead in the last stage of the race."
1969,"winners_avg_speed",85.0180072028812,35.41,"Eddy Merckx won the 1969 tour averaging a speed of 35.4kph."
1969,"total_distance_in_km",71.6623150565709,4117,"1969's tour covered 4117km."
1969,"percent_abandons",39.5827900912647,0.338461538461538,"34% of riders abandoned the 1969 tour leaving 86 riders at the finish."
1969,"highest_elevation_in_m",91.220556745182,2556,"The highest point of 1969's tour was 2556m at Col du Galibier, Dauphiné Alps."
1969,"led_percent",19.0476190476191,0.80952380952381,"Eddy Merckx led the race for 18 stages out of 22."
1970,"winners_avg_speed",85.4501800720288,35.59,"Eddy Merckx won the 1970 tour averaging a speed of 35.6kph."
1970,"total_distance_in_km",74.0469973890339,4254,"1970's tour covered 4254km."
1970,"percent_abandons",38.9830508474576,0.333333333333333,"33% of riders abandoned the 1970 tour leaving 100 riders at the finish."
1970,"highest_elevation_in_m",75.4817987152034,2115,"The highest point of 1970's tour was 2115m at Col du Tourmalet, Pyrenees."
1970,"led_percent",13.6363636363636,0.863636363636364,"Eddy Merckx led the race for 20 stages out of 23."
1971,"winners_avg_speed",91.4285714285714,38.08,"Eddy Merckx won the 1971 tour averaging a speed of 38.1kph."
1971,"total_distance_in_km",62.8024369016536,3608,"1971's tour covered 3608km."
1971,"percent_abandons",32.3859191655802,0.276923076923077,"28% of riders abandoned the 1971 tour leaving 94 riders at the finish."
1971,"highest_elevation_in_m",75.4817987152034,2115,"The highest point of 1971's tour was 2115m at Col du Tourmalet, Pyrenees."
1971,"led_percent",33.3333333333333,0.666666666666667,"Eddy Merckx led the race for 17 stages out of 25."
1972,"winners_avg_speed",85.2581032412965,35.51,"Eddy Merckx won the 1972 tour averaging a speed of 35.5kph."
1972,"total_distance_in_km",66.9451697127937,3846,"1972's tour covered 3846km."
1972,"percent_abandons",38.9830508474576,0.333333333333333,"33% of riders abandoned the 1972 tour leaving 88 riders at the finish."
1972,"highest_elevation_in_m",91.220556745182,2556,"The highest point of 1972's tour was 2556m at Col du Galibier, Dauphiné Alps."
1972,"led_percent",26.3157894736842,0.736842105263158,"Eddy Merckx led the race for 15 stages out of 20."
1973,"winners_avg_speed",80.2160864345738,33.41,"Luis Ocaña won the 1973 tour averaging a speed of 33.4kph."
1973,"total_distance_in_km",71.1923411662315,4090,"1973's tour covered 4090km."
1973,"percent_abandons",39.8690292758089,0.340909090909091,"34% of riders abandoned the 1973 tour leaving 87 riders at the finish."
1973,"highest_elevation_in_m",91.220556745182,2556,"The highest point of 1973's tour was 2556m at Col du Galibier, Dauphiné Alps."
1973,"led_percent",31.5789473684211,0.684210526315789,"Luis Ocaña led the race for 14 stages out of 20."
1974,"winners_avg_speed",84.609843937575,35.24,"Eddy Merckx won the 1974 tour averaging a speed of 35.2kph."
1974,"total_distance_in_km",71.331592689295,4098,"1974's tour covered 4098km."
1974,"percent_abandons",22.490221642764,0.192307692307692,"19% of riders abandoned the 1974 tour leaving 105 riders at the finish."
1974,"highest_elevation_in_m",91.220556745182,2556,"The highest point of 1974's tour was 2556m at Col du Galibier, Dauphiné Alps."
1974,"led_percent",19.0476190476191,0.80952380952381,"Eddy Merckx led the race for 18 stages out of 22."
1975,"winners_avg_speed",83.8175270108043,34.91,"Bernard Thévenet won the 1975 tour averaging a speed of 34.9kph."
1975,"total_distance_in_km",69.6083550913838,3999,"1975's tour covered 3999km."
1975,"percent_abandons",45.1089588377724,0.385714285714286,"39% of riders abandoned the 1975 tour leaving 86 riders at the finish."
1975,"highest_elevation_in_m",84.2255531763026,2360,"The highest point of 1975's tour was 2360m at Col d'Izoard, Cottian Alps."
1975,"led_percent",66.6666666666667,0.333333333333333,"Bernard Thévenet led the race for 8 stages out of 22."
1976,"winners_avg_speed",82.8811524609844,34.52,"Lucien Van Impe won the 1976 tour averaging a speed of 34.5kph."
1976,"total_distance_in_km",69.9042645778938,4016,"1976's tour covered 4016km."
1976,"percent_abandons",38.6831812255541,0.330769230769231,"33% of riders abandoned the 1976 tour leaving 87 riders at the finish."
1976,"highest_elevation_in_m",75.4817987152034,2115,"The highest point of 1976's tour was 2115m at Col du Tourmalet, Pyrenees."
1976,"led_percent",47.6190476190476,0.523809523809524,"Lucien Van Impe led the race for 12 stages out of 22."
1977,"winners_avg_speed",85.0420168067227,35.42,"Bernard Thévenet won the 1977 tour averaging a speed of 35.4kph."
1977,"total_distance_in_km",71.2271540469974,4092,"1977's tour covered 4092km."
1977,"percent_abandons",54.9661016949152,0.47,"47% of riders abandoned the 1977 tour leaving 53 riders at the finish."
1977,"highest_elevation_in_m",75.4817987152034,2115,"The highest point of 1977's tour was 2115m at Col du Tourmalet, Pyrenees."
1977,"led_percent",66.6666666666667,0.333333333333333,"Bernard Thévenet led the race for 8 stages out of 22."
1978,"winners_avg_speed",86.6266506602641,36.08,"Bernard Hinault won the 1978 tour averaging a speed of 36.1kph."
1978,"total_distance_in_km",68.1288076588338,3914,"1978's tour covered 3914km."
1978,"percent_abandons",34.0215716486903,0.290909090909091,"29% of riders abandoned the 1978 tour leaving 78 riders at the finish."
1978,"highest_elevation_in_m",75.4817987152034,2115,"The highest point of 1978's tour was 2115m at Col du Tourmalet, Pyrenees."
1978,"led_percent",90.4761904761905,0.0952380952380952,"Bernard Hinault led the race for 3 stages out of 22."
1979,"winners_avg_speed",87.6590636254502,36.51,"Bernard Hinault won the 1979 tour averaging a speed of 36.5kph."
1979,"total_distance_in_km",64.7519582245431,3720,"1979's tour covered 3720km."
1979,"percent_abandons",46.7796610169492,0.4,"40% of riders abandoned the 1979 tour leaving 90 riders at the finish."
1979,"highest_elevation_in_m",94.2897930049964,2642,"The highest point of 1979's tour was 2642m at Col du Galibier, Dauphiné Alps."
1979,"led_percent",30.4347826086957,0.695652173913043,"Bernard Hinault led the race for 17 stages out of 24."
1980,"winners_avg_speed",84.3697478991597,35.14,"Joop Zoetemelk won the 1980 tour averaging a speed of 35.1kph."
1980,"total_distance_in_km",68.6858137510879,3946,"1980's tour covered 3946km."
1980,"percent_abandons",40.4823989569752,0.346153846153846,"35% of riders abandoned the 1980 tour leaving 85 riders at the finish."
1980,"highest_elevation_in_m",94.2897930049964,2642,"The highest point of 1980's tour was 2642m at Col du Galibier, Dauphiné Alps."
1980,"led_percent",57.1428571428571,0.428571428571429,"Joop Zoetemelk led the race for 10 stages out of 22."
1981,"winners_avg_speed",93.5414165666267,38.96,"Bernard Hinault won the 1981 tour averaging a speed of 39kph."
1981,"total_distance_in_km",65.3959965187119,3757,"1981's tour covered 3757km."
1981,"percent_abandons",22.6101694915254,0.193333333333333,"19% of riders abandoned the 1981 tour leaving 121 riders at the finish."
1981,"highest_elevation_in_m",71.3775874375446,2000,"The highest point of 1981's tour was 2000m at Col de la Madeleine, Graian Alps."
1981,"led_percent",26.0869565217391,0.739130434782609,"Bernard Hinault led the race for 18 stages out of 24."
1982,"winners_avg_speed",91.3805522208884,38.06,"Bernard Hinault won the 1982 tour averaging a speed of 38.1kph."
1982,"total_distance_in_km",61.1314186248912,3512,"1982's tour covered 3512km."
1982,"percent_abandons",30.4483000702036,0.260355029585799,"26% of riders abandoned the 1982 tour leaving 125 riders at the finish."
1982,"highest_elevation_in_m",66.0242683797288,1850,"The highest point of 1982's tour was 1850m at Alpe d'Huez, Western Alps."
1982,"led_percent",45,0.55,"Bernard Hinault led the race for 12 stages out of 21."
1983,"winners_avg_speed",86.9867947178872,36.23,"Laurent Fignon won the 1983 tour averaging a speed of 36.2kph."
1983,"total_distance_in_km",68.964316797215,3962,"1983's tour covered 3962km."
1983,"percent_abandons",43.4382566585956,0.371428571428571,"37% of riders abandoned the 1983 tour leaving 88 riders at the finish."
1983,"highest_elevation_in_m",75.4817987152034,2115,"The highest point of 1983's tour was 2115m at Col du Tourmalet, Pyrenees."
1983,"led_percent",76.1904761904762,0.238095238095238,"Laurent Fignon led the race for 6 stages out of 22."
1984,"winners_avg_speed",86.1464585834334,35.88,"Laurent Fignon won the 1984 tour averaging a speed of 35.9kph."
1984,"total_distance_in_km",69.9912967798085,4021,"1984's tour covered 4021km."
1984,"percent_abandons",31.6450648055832,0.270588235294118,"27% of riders abandoned the 1984 tour leaving 124 riders at the finish."
1984,"highest_elevation_in_m",94.2897930049964,2642,"The highest point of 1984's tour was 2642m at Col du Galibier, Dauphiné Alps."
1984,"led_percent",72.7272727272727,0.272727272727273,"Laurent Fignon led the race for 7 stages out of 23."
1985,"winners_avg_speed",86.9867947178872,36.23,"Bernard Hinault won the 1985 tour averaging a speed of 36.2kph."
1985,"total_distance_in_km",71.8363794604004,4127,"1985's tour covered 4127km."
1985,"percent_abandons",23.3898305084746,0.2,"20% of riders abandoned the 1985 tour leaving 144 riders at the finish."
1985,"highest_elevation_in_m",75.4817987152034,2115,"The highest point of 1985's tour was 2115m at Col du Tourmalet, Pyrenees."
1985,"led_percent",28.5714285714286,0.714285714285714,"Bernard Hinault led the race for 16 stages out of 22."
1986,"winners_avg_speed",88.8835534213686,37.02,"Greg LeMond won the 1986 tour averaging a speed of 37kph."
1986,"total_distance_in_km",71.0704960835509,4083,"1986's tour covered 4083km."
1986,"percent_abandons",43.4382566585956,0.371428571428571,"37% of riders abandoned the 1986 tour leaving 132 riders at the finish."
1986,"highest_elevation_in_m",94.2897930049964,2642,"The highest point of 1986's tour was 2642m at Col du Galibier, Dauphiné Alps."
1986,"led_percent",72.7272727272727,0.272727272727273,"Greg LeMond led the race for 7 stages out of 23."
1987,"winners_avg_speed",87.9951980792317,36.65,"Stephen Roche won the 1987 tour averaging a speed of 36.6kph."
1987,"total_distance_in_km",73.6466492602263,4231,"1987's tour covered 4231km."
1987,"percent_abandons",40.6779661016949,0.347826086956522,"35% of riders abandoned the 1987 tour leaving 135 riders at the finish."
1987,"highest_elevation_in_m",94.2897930049964,2642,"The highest point of 1987's tour was 2642m at Col du Galibier, Dauphiné Alps."
1987,"led_percent",91.6666666666667,0.0833333333333333,"Stephen Roche led the race for 3 stages out of 25."
1988,"winners_avg_speed",93.421368547419,38.91,"Pedro Delgado won the 1988 tour averaging a speed of 38.9kph."
1988,"total_distance_in_km",57.1975630983464,3286,"1988's tour covered 3286km."
1988,"percent_abandons",27.7606574216744,0.237373737373737,"24% of riders abandoned the 1988 tour leaving 151 riders at the finish."
1988,"highest_elevation_in_m",75.4817987152034,2115,"The highest point of 1988's tour was 2115m at Col du Tourmalet, Pyrenees."
1988,"led_percent",52.3809523809524,0.476190476190476,"Pedro Delgado led the race for 11 stages out of 22."
1989,"winners_avg_speed",90.0120048019208,37.49,"Greg LeMond won the 1989 tour averaging a speed of 37.5kph."
1989,"total_distance_in_km",57.1801566579634,3285,"1989's tour covered 3285km."
1989,"percent_abandons",35.4391371340524,0.303030303030303,"30% of riders abandoned the 1989 tour leaving 138 riders at the finish."
1989,"highest_elevation_in_m",94.2897930049964,2642,"The highest point of 1989's tour was 2642m at Col du Galibier, Dauphiné Alps."
1989,"led_percent",65,0.35,"Greg LeMond led the race for 8 stages out of 21."
1990,"winners_avg_speed",91.8607442977191,38.26,"Greg LeMond won the 1990 tour averaging a speed of 38.3kph."
1990,"total_distance_in_km",60.9921671018277,3504,"1990's tour covered 3504km."
1990,"percent_abandons",24.8073959938367,0.212121212121212,"21% of riders abandoned the 1990 tour leaving 156 riders at the finish."
1990,"highest_elevation_in_m",75.4817987152034,2115,"The highest point of 1990's tour was 2115m at Col du Tourmalet, Pyrenees."
1990,"led_percent",95,0.05,"Greg LeMond led the race for 2 stages out of 21."
1991,"winners_avg_speed",93.0372148859544,38.75,"Miguel Induráin won the 1991 tour averaging a speed of 38.8kph."
1991,"total_distance_in_km",68.1288076588338,3914,"1991's tour covered 3914km."
1991,"percent_abandons",23.6260914227016,0.202020202020202,"20% of riders abandoned the 1991 tour leaving 158 riders at the finish."
1991,"highest_elevation_in_m",75.4817987152034,2115,"The highest point of 1991's tour was 2115m at Col du Tourmalet, Pyrenees."
1991,"led_percent",57.1428571428571,0.428571428571429,"Miguel Induráin led the race for 10 stages out of 22."
1992,"winners_avg_speed",94.8379351740696,39.5,"Miguel Induráin won the 1992 tour averaging a speed of 39.5kph."
1992,"total_distance_in_km",69.3298520452567,3983,"1992's tour covered 3983km."
1992,"percent_abandons",40.1643554185927,0.343434343434343,"34% of riders abandoned the 1992 tour leaving 130 riders at the finish."
1992,"highest_elevation_in_m",98.8579586009993,2770,"The highest point of 1992's tour was 2770m at Col de l'Iseran, Graian Alps."
1992,"led_percent",55,0.45,"Miguel Induráin led the race for 10 stages out of 21."
1993,"winners_avg_speed",92.9411764705882,38.71,"Miguel Induráin won the 1993 tour averaging a speed of 38.7kph."
1993,"total_distance_in_km",64.6475195822454,3714,"1993's tour covered 3714km."
1993,"percent_abandons",28.5875706214689,0.244444444444444,"24% of riders abandoned the 1993 tour leaving 136 riders at the finish."
1993,"highest_elevation_in_m",100,2802,"The highest point of 1993's tour was 2802m at Cime de la Bonette, Maritime Alps."
1993,"led_percent",31.5789473684211,0.684210526315789,"Miguel Induráin led the race for 14 stages out of 20."
1994,"winners_avg_speed",92.1488595438175,38.38,"Miguel Induráin won the 1994 tour averaging a speed of 38.4kph."
1994,"total_distance_in_km",69.242819843342,3978,"1994's tour covered 3978km."
1994,"percent_abandons",44.5520581113801,0.380952380952381,"38% of riders abandoned the 1994 tour leaving 117 riders at the finish."
1994,"highest_elevation_in_m",81.192005710207,2275,"The highest point of 1994's tour was 2275m at Val Thorens, Graian Alps."
1994,"led_percent",40,0.6,"Miguel Induráin led the race for 13 stages out of 21."
1995,"winners_avg_speed",94.093637454982,39.19,"Miguel Induráin won the 1995 tour averaging a speed of 39.2kph."
1995,"total_distance_in_km",63.585726718886,3653,"1995's tour covered 3653km."
1995,"percent_abandons",45.7896152811407,0.391534391534392,"39% of riders abandoned the 1995 tour leaving 115 riders at the finish."
1995,"highest_elevation_in_m",75.4817987152034,2115,"The highest point of 1995's tour was 2115m at Col du Tourmalet, Pyrenees."
1995,"led_percent",36.8421052631579,0.631578947368421,"Miguel Induráin led the race for 13 stages out of 20."
1996,"winners_avg_speed",94.1896758703481,39.23,"Bjarne Riis won the 1996 tour averaging a speed of 39.2kph."
1996,"total_distance_in_km",68.0069625761532,3907,"1996's tour covered 3907km."
1996,"percent_abandons",37.1267150928168,0.317460317460317,"32% of riders abandoned the 1996 tour leaving 129 riders at the finish."
1996,"highest_elevation_in_m",72.6266952177016,2035,"The highest point of 1996's tour was 2035m at Sestriere, Cottian Alps."
1996,"led_percent",40,0.6,"Bjarne Riis led the race for 13 stages out of 21."
1997,"winners_avg_speed",94.1896758703481,39.23,"Jan Ullrich won the 1997 tour averaging a speed of 39.2kph."
1997,"total_distance_in_km",68.7554395126197,3950,"1997's tour covered 3950km."
1997,"percent_abandons",34.8484848484848,0.297979797979798,"30% of riders abandoned the 1997 tour leaving 139 riders at the finish."
1997,"highest_elevation_in_m",85.9029264810849,2407,"The highest point of 1997's tour was 2407m at Port d'Envalira, Pyrenees."
1997,"led_percent",45,0.55,"Jan Ullrich led the race for 12 stages out of 21."
1998,"winners_avg_speed",95.9903961584634,39.98,"Marco Pantani won the 1998 tour averaging a speed of 40kph."
1998,"total_distance_in_km",67.449956483899,3875,"1998's tour covered 3875km."
1998,"percent_abandons",57.546408393866,0.492063492063492,"49% of riders abandoned the 1998 tour leaving 96 riders at the finish."
1998,"highest_elevation_in_m",94.2897930049964,2642,"The highest point of 1998's tour was 2642m at Col du Galibier, Dauphiné Alps."
1998,"led_percent",70,0.3,"Marco Pantani led the race for 7 stages out of 21."
1999,"winners_avg_speed",96.686674669868,40.27,"Lance Armstrong (Results voided) won the 1999 tour averaging a speed of 40.3kph."
1999,"total_distance_in_km",64.1601392515231,3686,"1999's tour covered 3686km."
1999,"percent_abandons",25.3389830508475,0.216666666666667,"22% of riders abandoned the 1999 tour leaving 141 riders at the finish."
1999,"highest_elevation_in_m",94.2897930049964,2642,"The highest point of 1999's tour was 2642m at Col du Galibier, Dauphiné Alps."
1999,"led_percent",26.3157894736842,0.736842105263158,"Lance Armstrong (Results voided) led the race for 15 stages out of 20."
2000,"winners_avg_speed",94.9819927971188,39.56,"Lance Armstrong (Results voided) won the 2000 tour averaging a speed of 39.6kph."
2000,"total_distance_in_km",63.7423846823325,3662,"2000's tour covered 3662km."
2000,"percent_abandons",33.7853107344633,0.288888888888889,"29% of riders abandoned the 2000 tour leaving 128 riders at the finish."
2000,"highest_elevation_in_m",94.2897930049964,2642,"The highest point of 2000's tour was 2642m at Col du Galibier, Dauphiné Alps."
2000,"led_percent",45,0.55,"Lance Armstrong (Results voided) led the race for 12 stages out of 21."
2001,"winners_avg_speed",96.0864345738295,40.02,"Lance Armstrong (Results voided) won the 2001 tour averaging a speed of 40kph."
2001,"total_distance_in_km",59.9825935596171,3446,"2001's tour covered 3446km."
2001,"percent_abandons",27.8450363196126,0.238095238095238,"24% of riders abandoned the 2001 tour leaving 144 riders at the finish."
2001,"highest_elevation_in_m",75.4817987152034,2115,"The highest point of 2001's tour was 2115m at Col du Tourmalet, Pyrenees."
2001,"led_percent",63.1578947368421,0.368421052631579,"Lance Armstrong (Results voided) led the race for 8 stages out of 20."
2002,"winners_avg_speed",95.8703481392557,39.93,"Lance Armstrong (Results voided) won the 2002 tour averaging a speed of 39.9kph."
2002,"total_distance_in_km",57.1279373368146,3282,"2002's tour covered 3282km."
2002,"percent_abandons",22.2760290556901,0.19047619047619,"19% of riders abandoned the 2002 tour leaving 153 riders at the finish."
2002,"highest_elevation_in_m",94.2897930049964,2642,"The highest point of 2002's tour was 2642m at Col du Galibier, Dauphiné Alps."
2002,"led_percent",47.3684210526316,0.526315789473684,"Lance Armstrong (Results voided) led the race for 11 stages out of 20."
2003,"winners_avg_speed",98.2953181272509,40.94,"Lance Armstrong (Results voided) won the 2003 tour averaging a speed of 40.9kph."
2003,"total_distance_in_km",59.6518711923412,3427,"2003's tour covered 3427km."
2003,"percent_abandons",25.9887005649718,0.222222222222222,"22% of riders abandoned the 2003 tour leaving 147 riders at the finish."
2003,"highest_elevation_in_m",94.2897930049964,2642,"The highest point of 2003's tour was 2642m at Col du Galibier, Dauphiné Alps."
2003,"led_percent",36.8421052631579,0.631578947368421,"Lance Armstrong (Results voided) led the race for 13 stages out of 20."
2004,"winners_avg_speed",97.358943577431,40.55,"Lance Armstrong (Results voided) won the 2004 tour averaging a speed of 40.5kph."
2004,"total_distance_in_km",59.0269799825936,3391.1,"2004's tour covered 3391.1km."
2004,"percent_abandons",25.5048683736026,0.218085106382979,"22% of riders abandoned the 2004 tour leaving 147 riders at the finish."
2004,"highest_elevation_in_m",71.3775874375446,2000,"The highest point of 2004's tour was 2000m at Col de la Madeleine, Graian Alps."
2004,"led_percent",68.4210526315789,0.315789473684211,"Lance Armstrong (Results voided) led the race for 7 stages out of 20."
2005,"winners_avg_speed",100,41.65,"Lance Armstrong (Results voided) won the 2005 tour averaging a speed of 41.6kph."
2005,"total_distance_in_km",62.8024369016536,3608,"2005's tour covered 3608km."
2005,"percent_abandons",21.0384718859295,0.17989417989418,"18% of riders abandoned the 2005 tour leaving 155 riders at the finish."
2005,"highest_elevation_in_m",94.2897930049964,2642,"The highest point of 2005's tour was 2642m at Col du Galibier, Dauphiné Alps."
2005,"led_percent",20,0.8,"Lance Armstrong (Results voided) led the race for 17 stages out of 21."
2006,"winners_avg_speed",97.9111644657863,40.78,"Ã“scar Pereiro won the 2006 tour averaging a speed of 40.8kph."
2006,"total_distance_in_km",63.657093124456,3657.1,"2006's tour covered 3657.1km."
2006,"percent_abandons",24.5859013867488,0.210227272727273,"21% of riders abandoned the 2006 tour leaving 139 riders at the finish."
2006,"highest_elevation_in_m",94.2897930049964,2642,"The highest point of 2006's tour was 2642m at Col du Galibier, Dauphiné Alps."
2006,"led_percent",63.1578947368421,0.368421052631579,"Ã“scar Pereiro led the race for 8 stages out of 20."
2007,"winners_avg_speed",93.5894357743097,38.98,"Alberto Contador won the 2007 tour averaging a speed of 39kph."
2007,"total_distance_in_km",61.7406440382942,3547,"2007's tour covered 3547km."
2007,"percent_abandons",29.7013720742534,0.253968253968254,"25% of riders abandoned the 2007 tour leaving 141 riders at the finish."
2007,"highest_elevation_in_m",98.8579586009993,2770,"The highest point of 2007's tour was 2770m at Col de l'Iseran, Graian Alps."
2007,"led_percent",84.2105263157895,0.157894736842105,"Alberto Contador led the race for 4 stages out of 20."
2008,"winners_avg_speed",97.2388955582233,40.5,"Carlos Sastre won the 2008 tour averaging a speed of 40.5kph."
2008,"total_distance_in_km",61.9582245430809,3559.5,"2008's tour covered 3559.5km."
2008,"percent_abandons",22.7401129943503,0.194444444444444,"19% of riders abandoned the 2008 tour leaving 145 riders at the finish."
2008,"highest_elevation_in_m",100,2802,"The highest point of 2008's tour was 2802m at Cime de la Bonette, Maritime Alps."
2008,"led_percent",80,0.2,"Carlos Sastre led the race for 5 stages out of 21."
2009,"winners_avg_speed",96.7827130852341,40.31,"Alberto Contador won the 2009 tour averaging a speed of 40.3kph."
2009,"total_distance_in_km",60.2175805047868,3459.5,"2009's tour covered 3459.5km."
2009,"percent_abandons",15.593220338983,0.133333333333333,"13% of riders abandoned the 2009 tour leaving 156 riders at the finish."
2009,"highest_elevation_in_m",88.1513204853676,2470,"The highest point of 2009's tour was 2470m at Col du Grand Saint-Bernard, Pennine Alps."
2009,"led_percent",70,0.3,"Alberto Contador led the race for 7 stages out of 21."
2010,"winners_avg_speed",95.0540216086435,39.59,"Andy Schleck won the 2010 tour averaging a speed of 39.6kph."
2010,"total_distance_in_km",63.3925152306353,3641.9,"2010's tour covered 3641.9km."
2010,"percent_abandons",16.0285640540308,0.137055837563452,"14% of riders abandoned the 2010 tour leaving 170 riders at the finish."
2010,"highest_elevation_in_m",75.4817987152034,2115,"The highest point of 2010's tour was 2115m at Col du Tourmalet, Pyrenees."
2010,"led_percent",42.1052631578947,0.578947368421053,"Andy Schleck led the race for 12 stages out of 20."
2011,"winners_avg_speed",95.5342136854742,39.79,"Cadel Evans won the 2011 tour averaging a speed of 39.8kph."
2011,"total_distance_in_km",59.70409051349,3430,"2011's tour covered 3430km."
2011,"percent_abandons",18.3102208525937,0.156565656565657,"16% of riders abandoned the 2011 tour leaving 167 riders at the finish."
2011,"highest_elevation_in_m",97.9300499643112,2744,"The highest point of 2011's tour was 2744m at Col Agnel, Cottian Alps."
2011,"led_percent",95,0.05,"Cadel Evans led the race for 2 stages out of 21."
2012,"winners_avg_speed",95.750300120048,39.88,"Bradley Wiggins won the 2012 tour averaging a speed of 39.9kph."
2012,"total_distance_in_km",60.8685813751088,3496.9,"2012's tour covered 3496.9km."
2012,"percent_abandons",26.5793528505393,0.227272727272727,"23% of riders abandoned the 2012 tour leaving 153 riders at the finish."
2012,"highest_elevation_in_m",75.4817987152034,2115,"The highest point of 2012's tour was 2115m at Col du Tourmalet, Pyrenees."
2012,"led_percent",31.5789473684211,0.684210526315789,"Bradley Wiggins led the race for 14 stages out of 20."
2013,"winners_avg_speed",97.3349339735894,40.54,"Chris Froome won the 2013 tour averaging a speed of 40.5kph."
2013,"total_distance_in_km",59.242819843342,3403.5,"2013's tour covered 3403.5km."
2013,"percent_abandons",17.1289162814587,0.146464646464646,"15% of riders abandoned the 2013 tour leaving 169 riders at the finish."
2013,"highest_elevation_in_m",71.4132762312634,2001,"The highest point of 2013's tour was 2001m at Port de Pailhères, Pyrenees."
2013,"led_percent",35,0.65,"Chris Froome led the race for 14 stages out of 21."
2014,"winners_avg_speed",97.6950780312125,40.69,"Vincenzo Nibali won the 2014 tour averaging a speed of 40.7kph."
2014,"total_distance_in_km",63.6901653611836,3659,"2014's tour covered 3659km."
2014,"percent_abandons",20.0821777092964,0.171717171717172,"17% of riders abandoned the 2014 tour leaving 164 riders at the finish."
2014,"highest_elevation_in_m",84.2255531763026,2360,"The highest point of 2014's tour was 2360m at Col d'Izoard, Cottian Alps."
2014,"led_percent",10,0.9,"Vincenzo Nibali led the race for 19 stages out of 21."
2015,"winners_avg_speed",95.1740696278511,39.64,"Chris Froome won the 2015 tour averaging a speed of 39.6kph."
2015,"total_distance_in_km",58.490861618799,3360.3,"2015's tour covered 3360.3km."
2015,"percent_abandons",22.4447868515665,0.191919191919192,"19% of riders abandoned the 2015 tour leaving 160 riders at the finish."
2015,"highest_elevation_in_m",80.2997858672377,2250,"The highest point of 2015's tour was 2250m at Col d'Allos, Southern Alps."
2015,"led_percent",25,0.75,"Chris Froome led the race for 16 stages out of 21."
2016,"winners_avg_speed",95.1164465786315,39.616,"Chris Froome won the 2016 tour averaging a speed of 39.6kph."
2016,"total_distance_in_km",61.5143603133159,3534,"2016's tour covered 3534km."
2016,"percent_abandons",14.175654853621,0.121212121212121,"12% of riders abandoned the 2016 tour leaving 174 riders at the finish."
2016,"highest_elevation_in_m",85.9029264810849,2407,"The highest point of 2016's tour was 2407m at Port d'Envalira, Pyrenees."
2016,"led_percent",35,0.65,"Chris Froome led the race for 14 stages out of 21."
2017,"winners_avg_speed",98.4312273408076,40.9966061874464,"Chris Froome won the 2017 tour averaging a speed of 41kph."
2017,"total_distance_in_km",61.6187989556136,3540,"2017's tour covered 3540km."
2017,"percent_abandons",27.7687485488739,0.237442922374429,"24% of riders abandoned the 2017 tour leaving 167 riders at the finish."
2017,"highest_elevation_in_m",94.2897930049964,2642,"The highest point of 2017's tour was 2642m at Col du Galibier, Dauphiné Alps."
2017,"led_percent",30,0.7,"Chris Froome led the race for 15 stages out of 21."
2018,"winners_avg_speed",96.5435385396443,40.2103838017619,"Geraint Thomas won the 2018 tour averaging a speed of 40.2kph."
2018,"total_distance_in_km",58.2941688424717,3349,"2018's tour covered 3349km."
2018,"percent_abandons",39.1618721816203,0.334862385321101,"33% of riders abandoned the 2018 tour leaving 145 riders at the finish."
2018,"highest_elevation_in_m",79.0506780870807,2215,"The highest point of 2018's tour was 2215m at Col de Portet, Pyrenees."
2018,"led_percent",50,0.5,"Geraint Thomas led the race for 11 stages out of 21."
2019,"winners_avg_speed",97.4277595305753,40.5786618444846,"Egan Bernal won the 2019 tour averaging a speed of 40.6kph."
2019,"total_distance_in_km",58.5900783289817,3366,"2019's tour covered 3366km."
2019,"percent_abandons",33.7972321567408,0.288990825688073,"29% of riders abandoned the 2019 tour leaving 155 riders at the finish."
2019,"highest_elevation_in_m",98.8579586009993,2770,"The highest point of 2019's tour was 2770m at Col de l'Iseran, Graian Alps."
2019,"led_percent",95,0.05,"Egan Bernal led the race for 2 stages out of 21."
2020,"winners_avg_speed",95.7528095052119,39.8810451589208,"Tadej Pogacar won the 2020 tour averaging a speed of 39.9kph."
2020,"total_distance_in_km",60.6266318537859,3483,"2020's tour covered 3483km."
2020,"percent_abandons",38.6254081791323,0.330275229357798,"33% of riders abandoned the 2020 tour leaving 146 riders at the finish."
2020,"highest_elevation_in_m",82.2269807280514,2304,"The highest point of 2020's tour was 2304m at Col de la Loze, Graian Alps."
2020,"led_percent",95,0.05,"Tadej Pogacar led the race for 2 stages out of 21."
2021,"winners_avg_speed",98.8337303730696,41.1642487003835,"Tadej Pogacar won the 2021 tour averaging a speed of 41.2kph."
2021,"total_distance_in_km",59.4308093994778,3414.3,"2021's tour covered 3414.3km."
2021,"percent_abandons",44.6253345227476,0.381578947368421,"38% of riders abandoned the 2021 tour leaving 141 riders at the finish."
2021,"highest_elevation_in_m",85.9029264810849,2407,"The highest point of 2021's tour was 2407m at Port d'Envalira, Pyrenees."
2021,"led_percent",40,0.6,"Tadej Pogacar led the race for 13 stages out of 21."
